Matrix,NumProcess,ExecutionTime_P90,CommunicationTime_P90,Min_NNZ,Max_NNZ,Avg_NNZ,Imbalance_Ratio,Min_Comm,Max_Comm,Avg_Comm,GFLOPS,Efficiency,Speedup
twotone.mtx,1,3.456593,0.001431,1224224,1224224,1224224.00,1.00,0,0,0.00,0.7083,1.0000,1.0000
twotone.mtx,2,4.952192,0.625372,606569,617655,612112.00,1.01,115483,115483,115483.00,0.4944,0.3490,0.6980
twotone.mtx,4,3.662586,0.912905,303268,308856,306056.00,1.01,153661,154053,153850.00,0.6685,0.2359,0.9438
twotone.mtx,8,2.624750,0.697136,151617,154495,153028.00,1.01,126293,129795,128024.25,0.9328,0.1646,1.3169
twotone.mtx,16,1.571894,0.399590,75797,77254,76514.00,1.01,79378,84264,81876.12,1.5576,0.1374,2.1990
twotone.mtx,32,0.977993,0.315428,37811,38743,38257.00,1.01,47886,51087,49425.81,2.5035,0.1104,3.5344
twotone.mtx,64,0.585794,0.339031,18818,19456,19128.50,1.02,26291,28522,27404.34,4.1797,0.0922,5.9007
twotone.mtx,128,0.746489,871.956348,9381,9781,9564.25,1.02,14265,15917,15069.83,3.2800,0.0362,4.6305
