Matrix,NumProcess,ExecutionTime_P90,CommunicationTime_P90,Min_NNZ,Max_NNZ,Avg_NNZ,Imbalance_Ratio,Min_Comm,Max_Comm,Avg_Comm,GFLOPS,Efficiency,Speedup
weak_1.mtx,1,0.361443,0.001192,100000,100000,100000.00,1.00,0,0,0.00,0.5515,1.0000,1.0000
weak_2.mtx,2,1.685143,0.124693,99994,100006,100000.00,1.00,19847,19847,19847.00,0.2210,0.2004,0.4007
weak_4.mtx,4,2.614021,0.293016,99468,100734,100000.00,1.01,55096,55213,55141.00,0.2752,0.1247,0.4990
weak_8.mtx,8,3.383636,0.461578,99499,100365,100000.00,1.00,99792,99969,99880.50,0.4161,0.0943,0.7545
weak_16.mtx,16,5.384445,0.744343,99545,100388,100000.00,1.00,138979,139940,139483.50,0.5221,0.0592,0.9467
weak_32.mtx,32,7.605791,1.153946,100000,100000,100000.00,1.00,165784,166990,166458.31,0.7306,0.0414,1.3247
weak_64.mtx,64,12.022495,2.182007,100000,100000,100000.00,1.00,181522,182832,182254.78,0.9011,0.0255,1.6339
weak_128.mtx,128,51.254749,483.820200,100000,100000,100000.00,1.00,189942,191640,190878.41,0.0478,0.0007,0.0867
