Matrix,NumProcess,ExecutionTime_P90,CommunicationTime_P90,Min_NNZ,Max_NNZ,Avg_NNZ,Imbalance_Ratio,Min_Comm,Max_Comm,Avg_Comm,GFLOPS,Efficiency,Speedup
weak_1.mtx,1,0.417233,0.000954,100000,100000,100000.00,1.00,0,0,0.00,0.4793,1.0000,1.0000
weak_2.mtx,2,6.884813,0.130653,99994,100006,100000.00,1.00,19847,19847,19847.00,0.0581,0.0606,0.1212
weak_4.mtx,4,12.265921,0.332832,99468,100734,100000.00,1.01,55096,55213,55141.00,0.0652,0.0340,0.1361
weak_8.mtx,8,16.865969,0.521183,99499,100365,100000.00,1.00,99792,99969,99880.50,0.0949,0.0247,0.1979
weak_16.mtx,16,21.558762,0.765562,99545,100388,100000.00,1.00,138979,139940,139483.50,0.1484,0.0194,0.3097
weak_32.mtx,32,27.719021,1.227856,100000,100000,100000.00,1.00,165784,166990,166458.31,0.2309,0.0151,0.4817
weak_64.mtx,64,36.902189,2.266645,100000,100000,100000.00,1.00,181522,182832,182254.78,0.3469,0.0113,0.7236
weak_128.mtx,128,63.794613,483.518362,100000,100000,100000.00,1.00,189942,191640,190878.41,0.4013,0.0065,0.8372
